category,metric,value
project,name,YOLO11m + SORT Object Tracking
project,tracker,SORT
model,name,YOLO11m
model,format,pt
model,path,C:\Users\IndrasenaChittiboina\Desktop\Video_Tracker\models\yolo11m.pt
configuration,confidence_threshold,0.25
configuration,iou_threshold,0.3
configuration,tracker_config,SORT
configuration,device,CPU
video,input,C:\Users\IndrasenaChittiboina\Desktop\Video_Tracker\video\PNNL_Parking_LOT(1).avi
video,width,1920
video,height,1080
video,fps,29.0
video,total_frames,998
tracking_statistics,frame_count,998
tracking_statistics,total_detections,13053
tracking_statistics,unique_track_ids,79
tracking_statistics,average_active_tracks,12.88376753507014
tracking_statistics,maximum_active_tracks,19
tracking_statistics,average_track_lifetime,172.18987341772151
tracking_statistics,longest_track_lifetime,794
tracking_statistics,average_fps,1.3627637048453949
tracking_statistics,average_latency_ms,733.8029303572109
tracking_statistics,p95_latency_ms,906.5471050329505
tracking_statistics,total_processing_time_seconds,732.3353244964965
resources.process,average_cpu_percent,275.80941883767537
resources.process,peak_cpu_percent,305.3
resources.process,average_ram_mb,567.6454119175852
resources.process,peak_ram_mb,594.40625
resources.system,average_cpu_percent,83.31523046092185
resources.system,peak_cpu_percent,100.0
outputs,video,C:\Users\IndrasenaChittiboina\Desktop\Video_Tracker\results\sort\sort_tracking.mp4
outputs,json,C:\Users\IndrasenaChittiboina\Desktop\Video_Tracker\results\sort\metrics.json
outputs,log,C:\Users\IndrasenaChittiboina\Desktop\Video_Tracker\results\sort\tracking.log
